Workbook

Sheet Planificación
A1: PILA DEL PRODUCTO | H1: FECHA ESTIMADA | J1: FECHA REAL
A2: CU | B2: TIPO | C2: Tarea | D2: Responsable | E2: Estimar HH | F2: Estado | G2: Objetivo del sprint | H2: Inicio | I2: Fin | J2: FECHA REAL Inicio | K2: FECHA REAL Fin | L2: HH Estimadas | M2: HH Efectivas | N2: Estado Final
A3: CU15 | B3: Programacion | C3: Confirmando la entrega por parte del chofer. | D3: Tomas Andres Burgos Bottari | E3: 10 | F3: En proceso | G3: Cumplir con CU15 | H3: 45901 | I3: 45906 | J3: 45901 | K3: 45906 | L3: 10 | M3: 10 | N3: Finalizado
A4: CU16 | B4: Programacion | C4: Cancelando el pedido. | D4: Juan Pablo Olmedo Saavedra | E4: 8 | F4: En proceso | G4: Cumplir con CU16 | H4: 45907 | I4: 45911 | J4: 45907 | K4: 45911 | L4: 8 | M4: 8 | N4: Finalizado
A5: CU17 | B5: Programacion | C5: Registrando nuevo pedido. | D5: Tomas Andres Burgos Bottari | E5: 8 | F5: En proceso | G5: Cumplir con CU17 | H5: 45912 | I5: 45916 | J5: 45912 | K5: 45916 | L5: 8 | M5: 7 | N5: Finalizado
A6: CU18 | B6: Programacion | C6: Validando el formato de fecha/hora en pedidos. | D6: Juan Pablo Olmedo Saavedra | E6: 10 | F6: En proceso | G6: Cumplir con CU18 | H6: 45917 | I6: 45922 | J6: 45917 | K6: 45922 | L6: 10 | M6: 10 | N6: Finalizado
A7: CU19 | B7: Programacion | C7: Consultando el historial de pedidos por cliente. | D7: Tomas Andres Burgos Bottari | E7: 8 | F7: En proceso | G7: Cumplir con CU19 | H7: 45923 | I7: 45927 | J7: 45923 | K7: 45927 | L7: 8 | M7: 7 | N7: Finalizado
A8: CU20 | B8: Programacion | C8: Soportando la búsqueda masiva en el historial de pedidos. | D8: Juan Pablo Olmedo Saavedra | E8: 8 | F8: En proceso | G8: Cumplir con CU20 | H8: 45928 | I8: 45930 | J8: 45928 | K8: 45930 | L8: 8 | M8: 8 | N8: Finalizado
A9: CU21 | B9: Programacion | C9: Asignando pedidos a choferes. | D9: Tomas Andres Burgos Bottari | E9: 7 | F9: En proceso | G9: Cumplir con CU21 | H9: 45930 | I9: 45930 | J9: 45930 | K9: 45930 | L9: 7 | M9: 8 | N9: Finalizado
A10: CU22 | B10: Programacion | C10: Registrando el método de pago en el pedido | D10: Juan Pablo Olmedo Saavedra | E10: 6 | F10: En proceso | G10: Cumplir con CU22 | H10: 45930 | I10: 45930 | J10: 45930 | K10: 45930 | L10: 6 | M10: 6 | N10: Finalizado
A11: CU23 | B11: Programacion | C11: Validando obligatoriamente el método de pago. | D11: Tomas Andres Burgos Bottari | E11: 10 | F11: En proceso | G11: Cumplir con CU23 | H11: 45930 | I11: 45930 | J11: 45930 | K11: 45930 | L11: 10 | M11: 11 | N11: Finalizado
A12: CU24 | B12: Programacion | C12: Consultando el resumen diario de entregas por chofer. | D12: Juan Pablo Olmedo Saavedra | E12: 7 | F12: En proceso | G12: Cumplir con CU24 | H12: 45930 | I12: 45930 | J12: 45930 | K12: 45930 | L12: 7 | M12: 8 | N12: Finalizado
A13: CU27 | B13: Programacion | C13: Consultando el resumen diario de pedidos. | D13: Tomas Andres Burgos Bottari | E13: 8 | F13: En proceso | G13: Cumplir con CU27 | H13: 45930 | I13: 45930 | J13: 45930 | K13: 45930 | L13: 8 | M13: 8 | N13: Finalizado
A14: CU28 | B14: Programacion | C14: Consultando estadística semanal de pedidos entregados. | D14: Juan Pablo Olmedo Saavedra | E14: 6 | F14: En proceso | G14: Cumplir con CU28 | H14: 45930 | I14: 45930 | J14: 45930 | K14: 45930 | L14: 6 | M14: 6 | N14: Finalizado
... A51: Informe | B51: Documentacion | C51: Generar manual de usuario | D51: Diego Alonso Herrera Molina | E51: 5 | F51: En proceso | G51: Documentación y soporte del proyecto | H51: 45930 | I51: 45930 | J51: 45930 | K51: 45930 | L51: 5 | M51: 5 | N51: Finalizado

Sheet HH estimadas vs HH reales
B1: HH estimadas | C1: HH reales | D1: HH estimadas acumuladas | E1: HH reales acumuladas
A2: =Planificación!A3 -> CU15 | B2: =Planificación!L3 -> 10 | C2: =Planificación!M3 -> 10 | D2: =B2 -> 10 | E2: =C2 -> 10
A3: =Planificación!A4 -> CU16 | B3: =Planificación!L4 -> 8 | C3: =Planificación!M4 -> 8 | D3: =SUM(B3,D2) -> 18 | E3: =SUM(C3,E2) -> 18
A4: =Planificación!A5 -> CU17 | B4: =Planificación!L5 -> 8 | C4: =Planificación!M5 -> 7 | D4: =SUM(B4,D3) -> 26 | E4: =SUM(C4,E3) -> 25
A5: =Planificación!A6 -> CU18 | B5: =Planificación!L6 -> 10 | C5: =Planificación!M6 -> 10 | D5: =SUM(B5,D4) -> 36 | E5: =SUM(C5,E4) -> 35
A6: =Planificación!A7 -> CU19 | B6: =Planificación!L7 -> 8 | C6: =Planificación!M7 -> 7 | D6: =SUM(B6,D5) -> 44 | E6: =SUM(C6,E5) -> 42
A7: =Planificación!A8 -> CU20 | B7: =Planificación!L8 -> 8 | C7: =Planificación!M8 -> 8 | D7: =SUM(B7,D6) -> 52 | E7: =SUM(C7,E6) -> 50
A8: =Planificación!A9 -> CU21 | B8: =Planificación!L9 -> 7 | C8: =Planificación!M9 -> 8 | D8: =SUM(B8,D7) -> 59 | E8: =SUM(C8,E7) -> 58
A9: =Planificación!A10 -> CU22 | B9: =Planificación!L10 -> 6 | C9: =Planificación!M10 -> 6 | D9: =SUM(B9,D8) -> 65 | E9: =SUM(C9,E8) -> 64
A10: =Planificación!A11 -> CU23 | B10: =Planificación!L11 -> 10 | C10: =Planificación!M11 -> 11 | D10: =SUM(B10,D9) -> 75 | E10: =SUM(C10,E9) -> 75
A11: =Planificación!A12 -> CU24 | B11: =Planificación!L12 -> 7 | C11: =Planificación!M12 -> 8 | D11: =SUM(B11,D10) -> 82 | E11: =SUM(C11,E10) -> 83
A12: =Planificación!A13 -> CU27 | B12: =Planificación!L13 -> 8 | C12: =Planificación!M13 -> 8 | D12: =SUM(B12,D11) -> 90 | E12: =SUM(C12,E11) -> 91
A13: =Planificación!A14 -> CU28 | B13: =Planificación!L14 -> 6 | C13: =Planificación!M14 -> 6 | D13: =SUM(B13,D12) -> 96 | E13: =SUM(C13,E12) -> 97
A14: =Planificación!A15 -> CU29 | B14: =Planificación!L15 -> 7 | C14: =Planificación!M15 -> 7 | D14: =SUM(B14,D13) -> 103 | E14: =SUM(C14,E13) -> 104
... A50: =Planificación!A51 -> Informe | B50: =Planificación!L51 -> 5 | C50: =Planificación!M51 -> 5 | D50: =SUM(B50,D49) -> 388 | E50: =SUM(C50,E49) -> 391
